Workbook
Name LIST_WAZ: لیست‌ها!$A$2:$A$3
Name LIST_ROLE: لیست‌ها!$B$2:$B$8
Name LIST_YESNO: لیست‌ها!$C$2:$C$3
Name LIST_MAINSUB: لیست‌ها!$D$2:$D$3
Name LIST_MENUSTATUS: لیست‌ها!$E$2:$E$4
Name LIST_FOODCAT: لیست‌ها!$F$2:$F$5
Name LIST_SOURCE: لیست‌ها!$G$2:$G$6
Name LIST_ORDERSTATUS: لیست‌ها!$H$2:$H$5

Sheet راهنما
A1: فایل اصلی سامانه سفارش غذای برکت (Master)
A2: هدف این فایل | B2: نگهداری اطلاعات پایه و نسبتاً ثابت سامانه: شرکت‌ها، سایت‌ها، غذاها، پرسنل، مسئولان رفاهی و تنظیمات.
A3: نکته مهم درباره منو | B3: منوی هر ماه در یک «فایل منوی ماه» جداگانه ساخته می‌شود، نه در این فایل. راهنمای کامل آن در همان فایل جداگانه است.
A4: ترتیب ورود اطلاعات | B4: ۱) شرکت‌ها ۲) سایت‌ها ۳) غذاها ۴) پرسنل ۵) مسئولان رفاهی ۶) تنظیمات
A5: رنگ سفید | B5: یعنی این سلول را خودتان پر می‌کنید.
A6: رنگ خاکستری روشن | B6: یعنی این سلول با فرمول خودکار پر می‌شود؛ نیازی به تایپ نیست و قفل است تا اشتباهی پاک نشود.
A7: فلش کنار سلول (لیست کشویی) | B7: روی این سلول‌ها به‌جای تایپ، از لیست آماده انتخاب کنید تا اشتباه تایپی پیش نیاد.
A8: حذف نکنید | B8: شرکت / سایت / غذا / پرسنل را هرگز حذف نکنید؛ در صورت نیاز فقط وضعیت را «غیرفعال» کنید.
A9: اضافه‌کردن مورد جدید | B9: در هر شیت چند ردیف خالی آماده در پایین جدول گذاشته شده؛ همان‌ها را پر کنید. اگر تمام شد، خبر بدید تا ردیف بیشتر اضافه بشه.
A10: تاریخ | B10: به‌صورت متن شمسی مانند ۱۴۰۵/۰۶/۱۵ ثبت شود.
A11: سفارش‌ها و سوابق | B11: شیت‌های «سفارش شخصی»، «سفارش رفاهی» و «سوابق» توسط خود ربات بله پر می‌شوند؛ نیازی به ورود دستی نیست، فقط جهت مرجع/بررسی هستند.
A12: اعتماد به این سند | B12: قبل از هر تصمیم، وضعیت واقعی با git log / git status / خروجی API در Codespace تطبیق داده شود.

Sheet شرکت‌ها
A1: CompanyID | B1: کد شرکت | C1: نام شرکت | D1: وضعیت | E1: توضیحات
A2: 1 | B2: NPS | C2: نفت سپاهان | D2: فعال | E2: داده آزمایشی/فرضی
A3: 2 | B3: SL | C3: سایپا لجستیک | D3: فعال | E3: داده آزمایشی/فرضی
A4: 3 | B4: MZ | C4: وزارت نیرو | D4: فعال | E4: داده آزمایشی/فرضی
A5: =IF(B5="","",MAX($A$1:A4)+1)
A6: =IF(B6="","",MAX($A$1:A5)+1)
A7: =IF(B7="","",MAX($A$1:A6)+1)
A8: =IF(B8="","",MAX($A$1:A7)+1)
A9: =IF(B9="","",MAX($A$1:A8)+1)
A10: =IF(B10="","",MAX($A$1:A9)+1)
A11: =IF(B11="","",MAX($A$1:A10)+1)
A12: =IF(B12="","",MAX($A$1:A11)+1)
A13: =IF(B13="","",MAX($A$1:A12)+1)
A14: =IF(B14="","",MAX($A$1:A13)+1)
A15: =IF(B15="","",MAX($A$1:A14)+1)
A16: =IF(B16="","",MAX($A$1:A15)+1)
... A44: =IF(B44="","",MAX($A$1:A43)+1)

Sheet سایت‌ها
A1: SiteID | B1: کد شرکت | C1: شرکت | D1: کد سایت | E1: نام سایت | F1: آدرس | G1: وضعیت
A2: 1 | B2: NPS | C2: =IFERROR(INDEX(شرکت‌ها!$C:$C,MATCH(B2,شرکت‌ها!$B:$B,0)),"") | D2: NPS01 | E2: انبار مرکزی | F2: تهران | G2: فعال
A3: 2 | B3: NPS | C3: =IFERROR(INDEX(شرکت‌ها!$C:$C,MATCH(B3,شرکت‌ها!$B:$B,0)),"") | D3: NPS02 | E3: فردا موتور پارک‌وی | F3: تهران | G3: فعال
A4: 3 | B4: NPS | C4: =IFERROR(INDEX(شرکت‌ها!$C:$C,MATCH(B4,شرکت‌ها!$B:$B,0)),"") | D4: NPS03 | E4: فردا موتور شریعتی | F4: تهران | G4: فعال
A5: 4 | B5: SL | C5: =IFERROR(INDEX(شرکت‌ها!$C:$C,MATCH(B5,شرکت‌ها!$B:$B,0)),"") | D5: SL01 | E5: سایت مرکزی سایپا لجستیک | F5: تهران | G5: فعال
A6: 5 | B6: SL | C6: =IFERROR(INDEX(شرکت‌ها!$C:$C,MATCH(B6,شرکت‌ها!$B:$B,0)),"") | D6: SL02 | E6: انبار لجستیک | F6: تهران | G6: فعال
A7: 6 | B7: MZ | C7: =IFERROR(INDEX(شرکت‌ها!$C:$C,MATCH(B7,شرکت‌ها!$B:$B,0)),"") | D7: MZ01 | E7: ساختمان مرکزی وزارت نیرو | F7: تهران | G7: فعال
A8: =IF(D8="","",MAX($A$1:A7)+1) | C8: =IFERROR(INDEX(شرکت‌ها!$C:$C,MATCH(B8,شرکت‌ها!$B:$B,0)),"")
A9: =IF(D9="","",MAX($A$1:A8)+1) | C9: =IFERROR(INDEX(شرکت‌ها!$C:$C,MATCH(B9,شرکت‌ها!$B:$B,0)),"")
A10: =IF(D10="","",MAX($A$1:A9)+1) | C10: =IFERROR(INDEX(شرکت‌ها!$C:$C,MATCH(B10,شرکت‌ها!$B:$B,0)),"")
A11: =IF(D11="","",MAX($A$1:A10)+1) | C11: =IFERROR(INDEX(شرکت‌ها!$C:$C,MATCH(B11,شرکت‌ها!$B:$B,0)),"")
A12: =IF(D12="","",MAX($A$1:A11)+1) | C12: =IFERROR(INDEX(شرکت‌ها!$C:$C,MATCH(B12,شرکت‌ها!$B:$B,0)),"")
A13: =IF(D13="","",MAX($A$1:A12)+1) | C13: =IFERROR(INDEX(شرکت‌ها!$C:$C,MATCH(B13,شرکت‌ها!$B:$B,0)),"")
A14: =IF(D14="","",MAX($A$1:A13)+1) | C14: =IFERROR(INDEX(شرکت‌ها!$C:$C,MATCH(B14,شرکت‌ها!$B:$B,0)),"")
A15: =IF(D15="","",MAX($A$1:A14)+1) | C15: =IFERROR(INDEX(شرکت‌ها!$C:$C,MATCH(B15,شرکت‌ها!$B:$B,0)),"")
A16: =IF(D16="","",MAX($A$1:A15)+1) | C16: =IFERROR(INDEX(شرکت‌ها!$C:$C,MATCH(B16,شرکت‌ها!$B:$B,0)),"")
A17: =IF(D17="","",MAX($A$1:A16)+1) | C17: =IFERROR(INDEX(شرکت‌ها!$C:$C,MATCH(B17,شرکت‌ها!$B:$B,0)),"")
A18: =IF(D18="","",MAX($A$1:A17)+1) | C18: =IFERROR(INDEX(شرکت‌ها!$C:$C,MATCH(B18,شرکت‌ها!$B:$B,0)),"")
A19: =IF(D19="","",MAX($A$1:A18)+1) | C19: =IFERROR(INDEX(شرکت‌ها!$C:$C,MATCH(B19,شرکت‌ها!$B:$B,0)),"")
... A47: =IF(D47="","",MAX($A$1:A46)+1) | C47: =IFERROR(INDEX(شرکت‌ها!$C:$C,MATCH(B47,شرکت‌ها!$B:$B,0)),"")

Sheet غذاها
A1: FoodID | B1: کد غذا | C1: نام غذا | D1: دسته‌بندی | E1: وضعیت | F1: توضیحات
A2: 1 | B2: 001 | C2: جوجه کباب | D2: غذای اصلی | E2: فعال | F2: آزمایشی/فرضی
A3: 2 | B3: 002 | C3: قورمه سبزی | D3: غذای اصلی | E3: فعال | F3: آزمایشی/فرضی
A4: 3 | B4: 003 | C4: چلوگوشت | D4: غذای اصلی | E4: فعال | F4: آزمایشی/فرضی
A5: 4 | B5: 004 | C5: زرشک پلو با مرغ | D5: غذای اصلی | E5: فعال | F5: آزمایشی/فرضی
A6: 5 | B6: 005 | C6: قیمه | D6: غذای اصلی | E6: فعال | F6: آزمایشی/فرضی
A7: 6 | B7: 006 | C7: عدس پلو | D7: غذای اصلی | E7: فعال | F7: آزمایشی/فرضی
A8: 7 | B8: 007 | C8: چلوکباب کوبیده | D8: غذای اصلی | E8: فعال | F8: آزمایشی/فرضی
A9: 8 | B9: 008 | C9: لوبیا پلو | D9: غذای اصلی | E9: فعال | F9: آزمایشی/فرضی
A10: 9 | B10: 009 | C10: قلیه ماهی | D10: غذای اصلی | E10: فعال | F10: آزمایشی/فرضی
A11: 10 | B11: 010 | C11: استانبولی | D11: غذای اصلی | E11: فعال | F11: آزمایشی/فرضی
A12: =IF(C12="","",MAX($A$1:A11)+1)
A13: =IF(C13="","",MAX($A$1:A12)+1)
A14: =IF(C14="","",MAX($A$1:A13)+1)
A15: =IF(C15="","",MAX($A$1:A14)+1)
A16: =IF(C16="","",MAX($A$1:A15)+1)
A17: =IF(C17="","",MAX($A$1:A16)+1)
A18: =IF(C18="","",MAX($A$1:A17)+1)
A19: =IF(C19="","",MAX($A$1:A18)+1)
A20: =IF(C20="","",MAX($A$1:A19)+1)
A21: =IF(C21="","",MAX($A$1:A20)+1)
A22: =IF(C22="","",MAX($A$1:A21)+1)
A23: =IF(C23="","",MAX($A$1:A22)+1)
... A51: =IF(C51="","",MAX($A$1:A50)+1)

Sheet پرسنل
A1: EmployeeID | B1: کد پرسنلی | C1: نام و نام خانوادگی | D1: موبایل | E1: کد شرکت | F1: شرکت | G1: کد سایت | H1: سایت | I1: نقش | J1: وضعیت
A2: 125 | B2: 125 | C2: علی احمدی | D2: 09120000001 | E2: =IFERROR(INDEX(سایت‌ها!$B:$B,MATCH(G2,سایت‌ها!$D:$D,0)),"") | F2: =IFERROR(INDEX(سایت‌ها!$C:$C,MATCH(G2,سایت‌ها!$D:$D,0)),"") | G2: NPS01 | H2: =IFERROR(INDEX(سایت‌ها!$E:$E,MATCH(G2,سایت‌ها!$D:$D,0)),"") | I2: کارمند | J2: فعال
A3: 126 | B3: 126 | C3: محمد احمدی | D3: 09120000002 | E3: =IFERROR(INDEX(سایت‌ها!$B:$B,MATCH(G3,سایت‌ها!$D:$D,0)),"") | F3: =IFERROR(INDEX(سایت‌ها!$C:$C,MATCH(G3,سایت‌ها!$D:$D,0)),"") | G3: NPS01 | H3: =IFERROR(INDEX(سایت‌ها!$E:$E,MATCH(G3,سایت‌ها!$D:$D,0)),"") | I3: کارمند | J3: فعال
A4: 127 | B4: 127 | C4: رضا کریمی | D4: 09120000003 | E4: =IFERROR(INDEX(سایت‌ها!$B:$B,MATCH(G4,سایت‌ها!$D:$D,0)),"") | F4: =IFERROR(INDEX(سایت‌ها!$C:$C,MATCH(G4,سایت‌ها!$D:$D,0)),"") | G4: NPS02 | H4: =IFERROR(INDEX(سایت‌ها!$E:$E,MATCH(G4,سایت‌ها!$D:$D,0)),"") | I4: کارمند | J4: فعال
A5: 128 | B5: 128 | C5: حسین مرادی | D5: 09120000004 | E5: =IFERROR(INDEX(سایت‌ها!$B:$B,MATCH(G5,سایت‌ها!$D:$D,0)),"") | F5: =IFERROR(INDEX(سایت‌ها!$C:$C,MATCH(G5,سایت‌ها!$D:$D,0)),"") | G5: NPS03 | H5: =IFERROR(INDEX(سایت‌ها!$E:$E,MATCH(G5,سایت‌ها!$D:$D,0)),"") | I5: مسئول رفاهی | J5: فعال
A6: 129 | B6: 129 | C6: مهدی رضایی | D6: 09120000005 | E6: =IFERROR(INDEX(سایت‌ها!$B:$B,MATCH(G6,سایت‌ها!$D:$D,0)),"") | F6: =IFERROR(INDEX(سایت‌ها!$C:$C,MATCH(G6,سایت‌ها!$D:$D,0)),"") | G6: SL01 | H6: =IFERROR(INDEX(سایت‌ها!$E:$E,MATCH(G6,سایت‌ها!$D:$D,0)),"") | I6: کارمند | J6: فعال
A7: 130 | B7: 130 | C7: سعید اکبری | D7: 09120000006 | E7: =IFERROR(INDEX(سایت‌ها!$B:$B,MATCH(G7,سایت‌ها!$D:$D,0)),"") | F7: =IFERROR(INDEX(سایت‌ها!$C:$C,MATCH(G7,سایت‌ها!$D:$D,0)),"") | G7: SL01 | H7: =IFERROR(INDEX(سایت‌ها!$E:$E,MATCH(G7,سایت‌ها!$D:$D,0)),"") | I7: مسئول رفاهی | J7: فعال
A8: 131 | B8: 131 | C8: امیر حسینی | D8: 09120000007 | E8: =IFERROR(INDEX(سایت‌ها!$B:$B,MATCH(G8,سایت‌ها!$D:$D,0)),"") | F8: =IFERROR(INDEX(سایت‌ها!$C:$C,MATCH(G8,سایت‌ها!$D:$D,0)),"") | G8: SL02 | H8: =IFERROR(INDEX(سایت‌ها!$E:$E,MATCH(G8,سایت‌ها!$D:$D,0)),"") | I8: کارمند | J8: فعال
A9: 132 | B9: 132 | C9: علی موسوی | D9: 09120000008 | E9: =IFERROR(INDEX(سایت‌ها!$B:$B,MATCH(G9,سایت‌ها!$D:$D,0)),"") | F9: =IFERROR(INDEX(سایت‌ها!$C:$C,MATCH(G9,سایت‌ها!$D:$D,0)),"") | G9: MZ01 | H9: =IFERROR(INDEX(سایت‌ها!$E:$E,MATCH(G9,سایت‌ها!$D:$D,0)),"") | I9: کارمند | J9: فعال
A10: 133 | B10: 133 | C10: رضا نادری | D10: 09120000009 | E10: =IFERROR(INDEX(سایت‌ها!$B:$B,MATCH(G10,سایت‌ها!$D:$D,0)),"") | F10: =IFERROR(INDEX(سایت‌ها!$C:$C,MATCH(G10,سایت‌ها!$D:$D,0)),"") | G10: MZ01 | H10: =IFERROR(INDEX(سایت‌ها!$E:$E,MATCH(G10,سایت‌ها!$D:$D,0)),"") | I10: مسئول رفاهی | J10: فعال
A11: 134 | B11: 134 | C11: محمد جواد اسماعیلی | D11: 09120000010 | E11: =IFERROR(INDEX(سایت‌ها!$B:$B,MATCH(G11,سایت‌ها!$D:$D,0)),"") | F11: =IFERROR(INDEX(سایت‌ها!$C:$C,MATCH(G11,سایت‌ها!$D:$D,0)),"") | G11: NPS01 | H11: =IFERROR(INDEX(سایت‌ها!$E:$E,MATCH(G11,سایت‌ها!$D:$D,0)),"") | I11: مدیر سیستم | J11: فعال
A12: =IF(B12="","",MAX($A$1:A11)+1) | E12: =IFERROR(INDEX(سایت‌ها!$B:$B,MATCH(G12,سایت‌ها!$D:$D,0)),"") | F12: =IFERROR(INDEX(سایت‌ها!$C:$C,MATCH(G12,سایت‌ها!$D:$D,0)),"") | H12: =IFERROR(INDEX(سایت‌ها!$E:$E,MATCH(G12,سایت‌ها!$D:$D,0)),"")
A13: =IF(B13="","",MAX($A$1:A12)+1) | E13: =IFERROR(INDEX(سایت‌ها!$B:$B,MATCH(G13,سایت‌ها!$D:$D,0)),"") | F13: =IFERROR(INDEX(سایت‌ها!$C:$C,MATCH(G13,سایت‌ها!$D:$D,0)),"") | H13: =IFERROR(INDEX(سایت‌ها!$E:$E,MATCH(G13,سایت‌ها!$D:$D,0)),"")
A14: =IF(B14="","",MAX($A$1:A13)+1) | E14: =IFERROR(INDEX(سایت‌ها!$B:$B,MATCH(G14,سایت‌ها!$D:$D,0)),"") | F14: =IFERROR(INDEX(سایت‌ها!$C:$C,MATCH(G14,سایت‌ها!$D:$D,0)),"") | H14: =IFERROR(INDEX(سایت‌ها!$E:$E,MATCH(G14,سایت‌ها!$D:$D,0)),"")
A15: =IF(B15="","",MAX($A$1:A14)+1) | E15: =IFERROR(INDEX(سایت‌ها!$B:$B,MATCH(G15,سایت‌ها!$D:$D,0)),"") | F15: =IFERROR(INDEX(سایت‌ها!$C:$C,MATCH(G15,سایت‌ها!$D:$D,0)),"") | H15: =IFERROR(INDEX(سایت‌ها!$E:$E,MATCH(G15,سایت‌ها!$D:$D,0)),"")
A16: =IF(B16="","",MAX($A$1:A15)+1) | E16: =IFERROR(INDEX(سایت‌ها!$B:$B,MATCH(G16,سایت‌ها!$D:$D,0)),"") | F16: =IFERROR(INDEX(سایت‌ها!$C:$C,MATCH(G16,سایت‌ها!$D:$D,0)),"") | H16: =IFERROR(INDEX(سایت‌ها!$E:$E,MATCH(G16,سایت‌ها!$D:$D,0)),"")
A17: =IF(B17="","",MAX($A$1:A16)+1) | E17: =IFERROR(INDEX(سایت‌ها!$B:$B,MATCH(G17,سایت‌ها!$D:$D,0)),"") | F17: =IFERROR(INDEX(سایت‌ها!$C:$C,MATCH(G17,سایت‌ها!$D:$D,0)),"") | H17: =IFERROR(INDEX(سایت‌ها!$E:$E,MATCH(G17,سایت‌ها!$D:$D,0)),"")
A18: =IF(B18="","",MAX($A$1:A17)+1) | E18: =IFERROR(INDEX(سایت‌ها!$B:$B,MATCH(G18,سایت‌ها!$D:$D,0)),"") | F18: =IFERROR(INDEX(سایت‌ها!$C:$C,MATCH(G18,سایت‌ها!$D:$D,0)),"") | H18: =IFERROR(INDEX(سایت‌ها!$E:$E,MATCH(G18,سایت‌ها!$D:$D,0)),"")
A19: =IF(B19="","",MAX($A$1:A18)+1) | E19: =IFERROR(INDEX(سایت‌ها!$B:$B,MATCH(G19,سایت‌ها!$D:$D,0)),"") | F19: =IFERROR(INDEX(سایت‌ها!$C:$C,MATCH(G19,سایت‌ها!$D:$D,0)),"") | H19: =IFERROR(INDEX(سایت‌ها!$E:$E,MATCH(G19,سایت‌ها!$D:$D,0)),"")
A20: =IF(B20="","",MAX($A$1:A19)+1) | E20: =IFERROR(INDEX(سایت‌ها!$B:$B,MATCH(G20,سایت‌ها!$D:$D,0)),"") | F20: =IFERROR(INDEX(سایت‌ها!$C:$C,MATCH(G20,سایت‌ها!$D:$D,0)),"") | H20: =IFERROR(INDEX(سایت‌ها!$E:$E,MATCH(G20,سایت‌ها!$D:$D,0)),"")
A21: =IF(B21="","",MAX($A$1:A20)+1) | E21: =IFERROR(INDEX(سایت‌ها!$B:$B,MATCH(G21,سایت‌ها!$D:$D,0)),"") | F21: =IFERROR(INDEX(سایت‌ها!$C:$C,MATCH(G21,سایت‌ها!$D:$D,0)),"") | H21: =IFERROR(INDEX(سایت‌ها!$E:$E,MATCH(G21,سایت‌ها!$D:$D,0)),"")
A22: =IF(B22="","",MAX($A$1:A21)+1) | E22: =IFERROR(INDEX(سایت‌ها!$B:$B,MATCH(G22,سایت‌ها!$D:$D,0)),"") | F22: =IFERROR(INDEX(سایت‌ها!$C:$C,MATCH(G22,سایت‌ها!$D:$D,0)),"") | H22: =IFERROR(INDEX(سایت‌ها!$E:$E,MATCH(G22,سایت‌ها!$D:$D,0)),"")
A23: =IF(B23="","",MAX($A$1:A22)+1) | E23: =IFERROR(INDEX(سایت‌ها!$B:$B,MATCH(G23,سایت‌ها!$D:$D,0)),"") | F23: =IFERROR(INDEX(سایت‌ها!$C:$C,MATCH(G23,سایت‌ها!$D:$D,0)),"") | H23: =IFERROR(INDEX(سایت‌ها!$E:$E,MATCH(G23,سایت‌ها!$D:$D,0)),"")
... A51: =IF(B51="","",MAX($A$1:A50)+1) | E51: =IFERROR(INDEX(سایت‌ها!$B:$B,MATCH(G51,سایت‌ها!$D:$D,0)),"") | F51: =IFERROR(INDEX(سایت‌ها!$C:$C,MATCH(G51,سایت‌ها!$D:$D,0)),"") | H51: =IFERROR(INDEX(سایت‌ها!$E:$E,MATCH(G51,سایت‌ها!$D:$D,0)),"")

Sheet مسئولان_رفاهی
A1: AssignmentID | B1: کد پرسنلی | C1: نام مسئول | D1: کد شرکت | E1: شرکت | F1: کد سایت | G1: سایت | H1: اصلی/جانشین | I1: وضعیت
A2: 1 | B2: 128 | C2: =IFERROR(INDEX(پرسنل!$C:$C,MATCH(B2,پرسنل!$B:$B,0)),"") | D2: =IFERROR(INDEX(پرسنل!$E:$E,MATCH(B2,پرسنل!$B:$B,0)),"") | E2: =IFERROR(INDEX(پرسنل!$F:$F,MATCH(B2,پرسنل!$B:$B,0)),"") | F2: =IFERROR(INDEX(پرسنل!$G:$G,MATCH(B2,پرسنل!$B:$B,0)),"") | G2: =IFERROR(INDEX(پرسنل!$H:$H,MATCH(B2,پرسنل!$B:$B,0)),"") | H2: اصلی | I2: فعال
A3: 2 | B3: 130 | C3: =IFERROR(INDEX(پرسنل!$C:$C,MATCH(B3,پرسنل!$B:$B,0)),"") | D3: =IFERROR(INDEX(پرسنل!$E:$E,MATCH(B3,پرسنل!$B:$B,0)),"") | E3: =IFERROR(INDEX(پرسنل!$F:$F,MATCH(B3,پرسنل!$B:$B,0)),"") | F3: =IFERROR(INDEX(پرسنل!$G:$G,MATCH(B3,پرسنل!$B:$B,0)),"") | G3: =IFERROR(INDEX(پرسنل!$H:$H,MATCH(B3,پرسنل!$B:$B,0)),"") | H3: اصلی | I3: فعال
A4: 3 | B4: 133 | C4: =IFERROR(INDEX(پرسنل!$C:$C,MATCH(B4,پرسنل!$B:$B,0)),"") | D4: =IFERROR(INDEX(پرسنل!$E:$E,MATCH(B4,پرسنل!$B:$B,0)),"") | E4: =IFERROR(INDEX(پرسنل!$F:$F,MATCH(B4,پرسنل!$B:$B,0)),"") | F4: =IFERROR(INDEX(پرسنل!$G:$G,MATCH(B4,پرسنل!$B:$B,0)),"") | G4: =IFERROR(INDEX(پرسنل!$H:$H,MATCH(B4,پرسنل!$B:$B,0)),"") | H4: اصلی | I4: فعال
A5: 4 | B5: 127 | C5: =IFERROR(INDEX(پرسنل!$C:$C,MATCH(B5,پرسنل!$B:$B,0)),"") | D5: =IFERROR(INDEX(پرسنل!$E:$E,MATCH(B5,پرسنل!$B:$B,0)),"") | E5: =IFERROR(INDEX(پرسنل!$F:$F,MATCH(B5,پرسنل!$B:$B,0)),"") | F5: =IFERROR(INDEX(پرسنل!$G:$G,MATCH(B5,پرسنل!$B:$B,0)),"") | G5: =IFERROR(INDEX(پرسنل!$H:$H,MATCH(B5,پرسنل!$B:$B,0)),"") | H5: جانشین | I5: فعال
A6: =IF(B6="","",MAX($A$1:A5)+1) | C6: =IFERROR(INDEX(پرسنل!$C:$C,MATCH(B6,پرسنل!$B:$B,0)),"") | D6: =IFERROR(INDEX(پرسنل!$E:$E,MATCH(B6,پرسنل!$B:$B,0)),"") | E6: =IFERROR(INDEX(پرسنل!$F:$F,MATCH(B6,پرسنل!$B:$B,0)),"") | F6: =IFERROR(INDEX(پرسنل!$G:$G,MATCH(B6,پرسنل!$B:$B,0)),"") | G6: =IFERROR(INDEX(پرسنل!$H:$H,MATCH(B6,پرسنل!$B:$B,0)),"")
A7: =IF(B7="","",MAX($A$1:A6)+1) | C7: =IFERROR(INDEX(پرسنل!$C:$C,MATCH(B7,پرسنل!$B:$B,0)),"") | D7: =IFERROR(INDEX(پرسنل!$E:$E,MATCH(B7,پرسنل!$B:$B,0)),"") | E7: =IFERROR(INDEX(پرسنل!$F:$F,MATCH(B7,پرسنل!$B:$B,0)),"") | F7: =IFERROR(INDEX(پرسنل!$G:$G,MATCH(B7,پرسنل!$B:$B,0)),"") | G7: =IFERROR(INDEX(پرسنل!$H:$H,MATCH(B7,پرسنل!$B:$B,0)),"")
A8: =IF(B8="","",MAX($A$1:A7)+1) | C8: =IFERROR(INDEX(پرسنل!$C:$C,MATCH(B8,پرسنل!$B:$B,0)),"") | D8: =IFERROR(INDEX(پرسنل!$E:$E,MATCH(B8,پرسنل!$B:$B,0)),"") | E8: =IFERROR(INDEX(پرسنل!$F:$F,MATCH(B8,پرسنل!$B:$B,0)),"") | F8: =IFERROR(INDEX(پرسنل!$G:$G,MATCH(B8,پرسنل!$B:$B,0)),"") | G8: =IFERROR(INDEX(پرسنل!$H:$H,MATCH(B8,پرسنل!$B:$B,0)),"")
A9: =IF(B9="","",MAX($A$1:A8)+1) | C9: =IFERROR(INDEX(پرسنل!$C:$C,MATCH(B9,پرسنل!$B:$B,0)),"") | D9: =IFERROR(INDEX(پرسنل!$E:$E,MATCH(B9,پرسنل!$B:$B,0)),"") | E9: =IFERROR(INDEX(پرسنل!$F:$F,MATCH(B9,پرسنل!$B:$B,0)),"") | F9: =IFERROR(INDEX(پرسنل!$G:$G,MATCH(B9,پرسنل!$B:$B,0)),"") | G9: =IFERROR(INDEX(پرسنل!$H:$H,MATCH(B9,پرسنل!$B:$B,0)),"")
A10: =IF(B10="","",MAX($A$1:A9)+1) | C10: =IFERROR(INDEX(پرسنل!$C:$C,MATCH(B10,پرسنل!$B:$B,0)),"") | D10: =IFERROR(INDEX(پرسنل!$E:$E,MATCH(B10,پرسنل!$B:$B,0)),"") | E10: =IFERROR(INDEX(پرسنل!$F:$F,MATCH(B10,پرسنل!$B:$B,0)),"") | F10: =IFERROR(INDEX(پرسنل!$G:$G,MATCH(B10,پرسنل!$B:$B,0)),"") | G10: =IFERROR(INDEX(پرسنل!$H:$H,MATCH(B10,پرسنل!$B:$B,0)),"")
A11: =IF(B11="","",MAX($A$1:A10)+1) | C11: =IFERROR(INDEX(پرسنل!$C:$C,MATCH(B11,پرسنل!$B:$B,0)),"") | D11: =IFERROR(INDEX(پرسنل!$E:$E,MATCH(B11,پرسنل!$B:$B,0)),"") | E11: =IFERROR(INDEX(پرسنل!$F:$F,MATCH(B11,پرسنل!$B:$B,0)),"") | F11: =IFERROR(INDEX(پرسنل!$G:$G,MATCH(B11,پرسنل!$B:$B,0)),"") | G11: =IFERROR(INDEX(پرسنل!$H:$H,MATCH(B11,پرسنل!$B:$B,0)),"")
A12: =IF(B12="","",MAX($A$1:A11)+1) | C12: =IFERROR(INDEX(پرسنل!$C:$C,MATCH(B12,پرسنل!$B:$B,0)),"") | D12: =IFERROR(INDEX(پرسنل!$E:$E,MATCH(B12,پرسنل!$B:$B,0)),"") | E12: =IFERROR(INDEX(پرسنل!$F:$F,MATCH(B12,پرسنل!$B:$B,0)),"") | F12: =IFERROR(INDEX(پرسنل!$G:$G,MATCH(B12,پرسنل!$B:$B,0)),"") | G12: =IFERROR(INDEX(پرسنل!$H:$H,MATCH(B12,پرسنل!$B:$B,0)),"")
A13: =IF(B13="","",MAX($A$1:A12)+1) | C13: =IFERROR(INDEX(پرسنل!$C:$C,MATCH(B13,پرسنل!$B:$B,0)),"") | D13: =IFERROR(INDEX(پرسنل!$E:$E,MATCH(B13,پرسنل!$B:$B,0)),"") | E13: =IFERROR(INDEX(پرسنل!$F:$F,MATCH(B13,پرسنل!$B:$B,0)),"") | F13: =IFERROR(INDEX(پرسنل!$G:$G,MATCH(B13,پرسنل!$B:$B,0)),"") | G13: =IFERROR(INDEX(پرسنل!$H:$H,MATCH(B13,پرسنل!$B:$B,0)),"")
A14: =IF(B14="","",MAX($A$1:A13)+1) | C14: =IFERROR(INDEX(پرسنل!$C:$C,MATCH(B14,پرسنل!$B:$B,0)),"") | D14: =IFERROR(INDEX(پرسنل!$E:$E,MATCH(B14,پرسنل!$B:$B,0)),"") | E14: =IFERROR(INDEX(پرسنل!$F:$F,MATCH(B14,پرسنل!$B:$B,0)),"") | F14: =IFERROR(INDEX(پرسنل!$G:$G,MATCH(B14,پرسنل!$B:$B,0)),"") | G14: =IFERROR(INDEX(پرسنل!$H:$H,MATCH(B14,پرسنل!$B:$B,0)),"")
A15: =IF(B15="","",MAX($A$1:A14)+1) | C15: =IFERROR(INDEX(پرسنل!$C:$C,MATCH(B15,پرسنل!$B:$B,0)),"") | D15: =IFERROR(INDEX(پرسنل!$E:$E,MATCH(B15,پرسنل!$B:$B,0)),"") | E15: =IFERROR(INDEX(پرسنل!$F:$F,MATCH(B15,پرسنل!$B:$B,0)),"") | F15: =IFERROR(INDEX(پرسنل!$G:$G,MATCH(B15,پرسنل!$B:$B,0)),"") | G15: =IFERROR(INDEX(پرسنل!$H:$H,MATCH(B15,پرسنل!$B:$B,0)),"")
A16: =IF(B16="","",MAX($A$1:A15)+1) | C16: =IFERROR(INDEX(پرسنل!$C:$C,MATCH(B16,پرسنل!$B:$B,0)),"") | D16: =IFERROR(INDEX(پرسنل!$E:$E,MATCH(B16,پرسنل!$B:$B,0)),"") | E16: =IFERROR(INDEX(پرسنل!$F:$F,MATCH(B16,پرسنل!$B:$B,0)),"") | F16: =IFERROR(INDEX(پرسنل!$G:$G,MATCH(B16,پرسنل!$B:$B,0)),"") | G16: =IFERROR(INDEX(پرسنل!$H:$H,MATCH(B16,پرسنل!$B:$B,0)),"")
A17: =IF(B17="","",MAX($A$1:A16)+1) | C17: =IFERROR(INDEX(پرسنل!$C:$C,MATCH(B17,پرسنل!$B:$B,0)),"") | D17: =IFERROR(INDEX(پرسنل!$E:$E,MATCH(B17,پرسنل!$B:$B,0)),"") | E17: =IFERROR(INDEX(پرسنل!$F:$F,MATCH(B17,پرسنل!$B:$B,0)),"") | F17: =IFERROR(INDEX(پرسنل!$G:$G,MATCH(B17,پرسنل!$B:$B,0)),"") | G17: =IFERROR(INDEX(پرسنل!$H:$H,MATCH(B17,پرسنل!$B:$B,0)),"")
... A45: =IF(B45="","",MAX($A$1:A44)+1) | C45: =IFERROR(INDEX(پرسنل!$C:$C,MATCH(B45,پرسنل!$B:$B,0)),"") | D45: =IFERROR(INDEX(پرسنل!$E:$E,MATCH(B45,پرسنل!$B:$B,0)),"") | E45: =IFERROR(INDEX(پرسنل!$F:$F,MATCH(B45,پرسنل!$B:$B,0)),"") | F45: =IFERROR(INDEX(پرسنل!$G:$G,MATCH(B45,پرسنل!$B:$B,0)),"") | G45: =IFERROR(INDEX(پرسنل!$H:$H,MATCH(B45,پرسنل!$B:$B,0)),"")

Sheet تنظیمات
A1: کلید | B1: مقدار | C1: واحد/نوع | D1: توضیح
A2: NORMAL_DEADLINE | B2: 15:00 | C2: زمان | D2: مهلت عادی ثبت/ویرایش سفارش در روز قبل
A3: SAME_DAY_DEADLINE | B3: 09:00 | C3: زمان | D3: مهلت ثبت سفارش جدید در همان روز
A4: MAX_FOOD_PER_EMPLOYEE | B4: 1 | C4: عدد | D4: حداکثر غذای مجاز برای هر شخص در هر روز
A5: PORTIONS_PER_EMPLOYEE | B5: 1 | C5: عدد | D5: تعداد پرس هر سفارش شخصی
A6: PERSONAL_ORDER_ENABLED | B6: بله | C6: فعال/غیرفعال | D6: فعال بودن سفارش شخصی
A7: WELFARE_ORDER_ENABLED | B7: بله | C7: فعال/غیرفعال | D7: فعال بودن سفارش رفاهی
A8: EXCEL_IMPORT_ENABLED | B8: بله | C8: فعال/غیرفعال | D8: فعال بودن ورود Excel
A9: MULTI_DAY_ORDER_ENABLED | B9: بله | C9: فعال/غیرفعال | D9: فعال بودن سفارش چندروزه
A10: MONTH_ORDER_ENABLED | B10: بله | C10: فعال/غیرفعال | D10: فعال بودن سفارش تا پایان منوی منتشرشده

Sheet سفارش_شخصی
A1: این شیت فقط جهت مرجع/بررسی است و توسط ربات بله پر می‌شود؛ نیازی به ورود دستی نیست.
A2: OrderID | B2: کد پیگیری | C2: تاریخ | D2: EmployeeID | E2: کد پرسنلی | F2: نام | G2: کد شرکت | H2: شرکت | I2: کد سایت | J2: سایت | K2: کد غذا | L2: غذا | M2: تعداد | N2: وضعیت | O2: منبع | P2: ثبت‌کننده | Q2: زمان ثبت
A3: 1001 | B3: BR-14050615-00125 | C3: ۱۴۰۵/۰۶/۱۵ | D3: 125 | E3: 125 | F3: علی احمدی | G3: NPS | H3: نفت سپاهان | I3: NPS01 | J3: انبار مرکزی | K3: 001 | L3: جوجه کباب | M3: 1 | N3: ثبت شده | O3: Bale | P3: علی احمدی | Q3: ۱۴۰۵/۰۶/۱۴ 13:42

Sheet سفارش_رفاهی
A1: این شیت فقط جهت مرجع/بررسی است و توسط ربات بله / مسئولان رفاهی پر می‌شود؛ نیازی به ورود دستی نیست.
A2: OrderID | B2: کد پیگیری | C2: تاریخ | D2: کد شرکت | E2: شرکت | F2: کد سایت | G2: سایت | H2: کد غذا | I2: غذا | J2: تعداد | K2: وضعیت | L2: منبع | M2: ثبت‌کننده | N2: زمان ثبت
A3: 2001 | B3: BR-W-14050615-001 | C3: ۱۴۰۵/۰۶/۱۵ | D3: NPS | E3: نفت سپاهان | F3: NPS01 | G3: انبار مرکزی | H3: 001 | I3: جوجه کباب | J3: 80 | K3: نهایی | L3: Excel | M3: حسین مرادی | N3: ۱۴۰۵/۰۶/۱۴ 14:10

Sheet سوابق
A1: این شیت جهت ثبت خودکار سوابق تغییرات (Audit Log) است؛ نیازی به ورود دستی نیست.
A2: LogID | B2: تاریخ و زمان | C2: کاربر | D2: عملیات | E2: نوع اطلاعات | F2: شناسه اطلاعات | G2: شرح | H2: قبل | I2: بعد
A3: 1 | B3: ۱۴۰۵/۰۶/۱۴ 14:20 | C3: علی احمدی | D3: تغییر سفارش | E3: Order | F3: 1001 | G3: تغییر غذا | H3: جوجه کباب | I3: قورمه سبزی

Sheet لیست‌ها
A1: وضعیت عمومی | B1: نقش پرسنل | C1: بله/خیر | D1: اصلی/جانشین | E1: وضعیت منو | F1: دسته غذا | G1: منبع ثبت | H1: وضعیت سفارش
A2: فعال | B2: کارمند | C2: بله | D2: اصلی | E2: پیش‌نویس | F2: غذای اصلی | G2: Bale | H2: ثبت شده
A3: غیرفعال | B3: مسئول رفاهی | C3: خیر | D3: جانشین | E3: منتشر | F3: پیش‌غذا | G3: Web | H3: نهایی
B4: مدیر سیستم | E4: بسته | F4: دسر | G4: Excel | H4: لغو شده
B5: ادمین | F5: نوشیدنی | G5: Admin | H5: بسته
B6: اپراتور | G6: Migration
B7: آشپزخانه
B8: مدیریت
